quantity	unit	rate
1	S	0.01527
1	W	0.01562
1	M	0.0168363
2	M	0.0184113
3	M	0.0184788
4	M	0.0187963
6	M	0.0187963
1	Y	0.0196875
