quantity,unit,rate
2,Y,0.016385
3,Y,0.0162
4,Y,0.0163
5,Y,0.01648
6,Y,0.01675
7,Y,0.017045
8,Y,0.017355
9,Y,0.017645
10,Y,0.01799
12,Y,0.018515
15,Y,0.01904
20,Y,0.019595
25,Y,0.019775
30,Y,0.019915
